Timestamp,House
2/27/2023 9:51:15,Gryffindor
2/27/2023 10:57:05,Hufflepuff
2/27/2023 10:57:10,Slytherin
2/27/2023 10:57:12,Slytherin
2/27/2023 10:57:14,Slytherin
2/27/2023 10:57:18,Hufflepuff
2/27/2023 10:57:22,Gryffindor
2/27/2023 10:57:25,Slytherin
2/27/2023 10:57:28,Ravenclaw
2/27/2023 10:57:31,Hufflepuff
2/27/2023 10:57:35,Gryffindor
2/27/2023 10:57:38,Slytherin
2/27/2023 10:57:41,Hufflepuff
2/27/2023 10:57:45,Ravenclaw
2/27/2023 10:57:48,Slytherin
2/27/2023 10:57:50,Slytherin
2/27/2023 10:57:52,Gryffindor
2/27/2023 10:57:53,Slytherin
2/27/2023 10:57:56,Ravenclaw
2/27/2023 10:57:56,Ravenclaw
2/27/2023 10:57:59,Slytherin
2/27/2023 10:57:59,Slytherin
2/27/2023 10:58:04,Slytherin
3/6/2024 14:15:37,Ravenclaw
3/6/2024 14:15:40,Hufflepuff
3/6/2024 14:15:40,Ravenclaw
3/6/2024 14:15:42,Hufflepuff
3/6/2024 14:15:44,Hufflepuff
3/6/2024 14:15:45,Hufflepuff
3/6/2024 14:15:52,Hufflepuff
3/6/2024 14:15:56,Ravenclaw
3/6/2024 14:15:57,Hufflepuff
3/6/2024 14:15:57,Slytherin
3/6/2024 14:16:02,Hufflepuff
3/6/2024 14:16:03,Slytherin
3/6/2024 14:16:05,Gryffindor
3/6/2024 14:16:08,Ravenclaw
3/6/2024 14:16:10,Gryffindor
3/6/2024 14:16:12,Ravenclaw
3/6/2024 14:16:16,Gryffindor
3/6/2024 14:16:16,Hufflepuff
3/6/2024 14:16:18,Slytherin
3/6/2024 14:16:21,Slytherin
3/6/2024 14:16:25,Slytherin
3/6/2024 14:16:25,Gryffindor
3/6/2024 14:16:26,Hufflepuff
3/6/2024 14:16:27,Gryffindor
3/6/2024 14:16:29,Ravenclaw
3/6/2024 14:16:29,Slytherin
3/6/2024 14:16:34,Slytherin
3/6/2024 14:16:34,Gryffindor
3/6/2024 14:16:36,Hufflepuff
3/6/2024 14:16:38,Gryffindor
3/6/2024 14:16:38,Hufflepuff
3/6/2024 14:16:41,Slytherin
3/6/2024 14:16:42,Gryffindor
3/6/2024 14:16:45,Gryffindor
3/6/2024 14:16:45,Hufflepuff
3/6/2024 14:16:45,Slytherin
3/6/2024 14:16:46,Ravenclaw
3/6/2024 14:16:48,Gryffindor